档位,院校代号,院校名称,专业组类型,2025专业组名称,2025投档线,2025投档位次,位次比值,2026有美术计划,2026计划人数,2026美术组数,2025备注要求
冲,6112,西安建筑科技大学,普通,第101组(美术与设计类),308.5,2137,0.9,是,4,1,
冲,4605,海南师范大学,普通,第109组(美术与设计类),308.5,2137,0.9,是,14,2,
冲,2133,鲁迅美术学院,普通,第101组(美术与设计类),308.2,2168,0.92,是,15,12,
冲,2106,大连交通大学,普通,第101组(美术与设计类),307.9,2208,0.93,是,4,1,
冲,6129,西安科技大学,普通,第101组(美术与设计类),307.9,2208,0.93,是,1,1,
冲,4345,长沙师范学院,公费/优师/定向,第G99组(麻阳苗族自治县)(省内优师专项(初中教师)(美术)),307.9,2208,0.93,是,163,4,
冲,4219,中南民族大学,普通,第104组(美术与设计类),307.6,2245,0.95,是,25,1,
冲,3731,齐鲁工业大学,普通,第101组(美术与设计类),307.5,2262,0.96,是,2,1,
冲,4220,长江大学,普通,第115组(美术与设计类),307.5,2262,0.96,是,3,2,
冲,3605,南昌航空大学,普通,第104组(美术与设计类),307.2,2299,0.97,是,8,1,
冲,3603,华东交通大学,普通,第104组(美术与设计类),307.1,2312,0.98,是,6,1,
冲,4345,长沙师范学院,公费/优师/定向,第G98组(溆浦县)(省内优师专项(初中教师)(美术)),307.0,2329,0.99,是,163,4,
冲,1411,中北大学,普通,第103组(美术与设计类),306.7,2372,1.0,是,5,1,
冲,5307,云南艺术学院,普通,第119组(美术与设计类),306.7,2372,1.0,是,25,3,
冲,6107,陕西科技大学,普通,第102组(美术与设计类),306.5,2393,1.01,是,8,1,
冲,1128,北京联合大学,普通,第102组(美术与设计类),306.4,2407,1.02,是,6,1,
冲,1304,燕山大学,普通,第104组(美术与设计类),306.4,2407,1.02,是,20,1,
冲,3320,浙江科技大学,普通,第101组(美术与设计类),305.7,2507,1.06,是,31,1,
冲,4312,中南林业科技大学,普通,第103组(美术与设计类),305.6,2527,1.07,是,155,1,
冲,6114,西安外国语大学,普通,第104组(美术与设计类),305.5,2550,1.08,是,2,1,
冲,5112,西南民族大学,普通,第104组(美术与设计类),305.4,2570,1.09,是,11,1,
稳,4230,武汉轻工大学,普通,第101组(美术与设计类),305.0,2635,1.11,是,5,1,
稳,4252,江汉大学,普通,第105组(美术与设计类),305.0,2635,1.11,是,8,2,
稳,3710,青岛科技大学,普通,第101组(美术与设计类),304.9,2655,1.12,是,22,2,
稳,4235,三峡大学,普通,第105组(美术与设计类),304.7,2694,1.14,是,7,2,
稳,3607,东华理工大学,普通,第102组(美术与设计类),304.5,2726,1.15,是,3,1,
稳,3319,温州大学,普通,第104组(美术与设计类),304.3,2750,1.16,是,9,1,外语成绩不低于50分
稳,4348,湖南第一师范学院,公费/优师/定向,第K56组(麻阳苗族自治县)(省内优师专项(小学教师)(美术)),303.9,2810,1.19,是,169,2,
稳,4235,三峡大学,普通,第104组(美术与设计类),303.6,2867,1.21,是,7,2,
稳,6209,西北师范大学,普通,第104组(美术与设计类),303.6,2867,1.21,是,9,2,
稳,6209,西北师范大学,普通,第106组(美术与设计类),303.5,2889,1.22,是,9,2,
稳,4504,桂林电子科技大学,普通,第102组(美术与设计类),303.4,2902,1.23,是,4,1,
稳,5117,西南科技大学,普通,第103组(美术与设计类),303.1,2952,1.25,是,8,1,
稳,3223,江苏师范大学,普通,第105组(美术与设计类),303.1,2952,1.25,是,10,1,
稳,5132,四川传媒学院,普通,第108组(美术与设计类),302.9,2992,1.27,是,2,2,
稳,4310,湖南工业大学,普通,第112组(美术与设计类),302.5,3066,1.3,是,340,3,
保,4305,湖南农业大学,普通,第103组(美术与设计类),302.4,3078,1.3,是,135,1,
保,4424,广东技术师范大学,普通,第103组(美术与设计类),301.8,3166,1.34,否,,,
保,3750,曲阜师范大学,普通,第102组(美术与设计类),301.7,3188,1.35,是,11,1,
保,3510,厦门理工学院,普通,第103组(美术与设计类),301.3,3276,1.39,是,13,1,
保,5307,云南艺术学院,普通,第118组(美术与设计类),301.3,3276,1.39,是,25,3,
保,4306,湖南科技大学,普通,第116组(美术与设计类),300.9,3339,1.41,是,295,4,
保,3612,江西农业大学,普通,第102组(美术与设计类),300.8,3366,1.42,是,4,1,
保,4803,深圳北理莫斯科大学,普通,第102组(美术与设计类),300.8,3366,1.42,是,5,1,
保,5122,四川音乐学院,普通,第123组(美术与设计类),300.8,3366,1.42,否,,,
保,2117,沈阳建筑大学,普通,第101组(美术与设计类),300.5,3412,1.44,是,3,1,
保,3262,南京晓庄学院,普通,第102组(美术与设计类),300.3,3457,1.46,是,2,1,
保,5013,重庆工商大学,普通,第102组(美术与设计类),300.3,3457,1.46,否,,,
保,4509,广西师范大学,普通,第103组(美术与设计类),300.3,3457,1.46,是,15,2,
保,4415,广东海洋大学,普通,第106组(美术与设计类),300.0,3524,1.49,是,3,1,
垫底(过保),5208,贵州师范大学,普通,第109组(美术与设计类),299.8,3548,1.5,是,11,4,
垫底(过保),6121,西安石油大学,普通,第102组(美术与设计类),299.7,3579,1.51,是,6,2,
垫底(过保),5022,重庆科技大学,普通,第101组(美术与设计类),299.6,3609,1.53,是,5,1,
垫底(过保),3739,山东工艺美术学院,普通,第103组(美术与设计类),299.4,3646,1.54,是,28,1,
垫底(过保),1305,石家庄铁道大学,普通,第101组(美术与设计类),299.1,3703,1.57,是,16,1,
垫底(过保),4314,湖南工商大学,普通,第105组(美术与设计类),299.0,3718,1.57,是,281,2,
垫底(过保),2131,大连工业大学,普通,第102组(美术与设计类),298.9,3746,1.58,是,3,1,
垫底(过保),3119,上海商学院,普通,第101组(美术与设计类),298.8,3768,1.59,是,10,1,外语成绩不低于50分
垫底(过保),4105,郑州轻工业大学,普通,第101组(美术与设计类),298.8,3768,1.59,是,32,1,
垫底(过保),3240,南京工程学院,普通,第101组(美术与设计类),298.3,3874,1.64,是,16,1,
垫底(过保),4348,湖南第一师范学院,普通,第134组(美术与设计类),298.3,3874,1.64,是,169,2,
垫底(过保),5208,贵州师范大学,普通,第110组(美术与设计类),298.0,3933,1.66,是,11,4,
垫底(过保),4108,河南工业大学,普通,第102组(美术与设计类),297.9,3958,1.67,是,8,1,
垫底(过保),5311,云南师范大学,普通,第104组(美术与设计类),297.8,3978,1.68,是,9,1,
垫底(过保),4503,桂林理工大学,普通,第101组(美术与设计类),297.7,3997,1.69,是,12,2,
垫底(过保),6202,兰州交通大学,普通,第101组(美术与设计类),297.6,4018,1.7,是,10,1,
垫底(过保),1211,天津商业大学,普通,第101组(美术与设计类),297.0,4145,1.75,是,10,1,
垫底(过保),3720,山东艺术学院,普通,第112组(美术与设计类),297.0,4145,1.75,是,39,2,
垫底(过保),5147,成都工业学院,普通,第101组(美术与设计类),296.9,4170,1.76,是,2,1,
垫底(过保),4444,广东轻工职业技术大学,普通,第101组(美术与设计类),296.7,4216,1.78,是,11,2,
垫底(过保),6203,兰州理工大学,普通,第101组(美术与设计类),296.6,4237,1.79,是,6,1,
垫底(过保),6126,西安工程大学,普通,第103组(美术与设计类),296.4,4276,1.81,是,28,2,
垫底(过保),3419,安徽建筑大学,普通,第101组(美术与设计类),296.2,4327,1.83,是,7,1,
垫底(过保),4106,河南科技大学,普通,第102组(美术与设计类),296.1,4342,1.84,是,6,1,
垫底(过保),5019,重庆文理学院,普通,第103组(美术与设计类),296.1,4342,1.84,是,5,1,
垫底(过保),2215,长春理工大学,普通,第101组(美术与设计类),296.0,4360,1.84,是,15,1,
垫底(过保),3410,合肥大学,普通,第101组(美术与设计类),295.9,4385,1.85,是,10,1,
垫底(过保),4309,南华大学,普通,第101组(美术与设计类),295.9,4385,1.85,是,336,1,
垫底(过保),5310,云南民族大学,普通,第103组(美术与设计类),295.9,4385,1.85,是,4,1,
垫底(过保),5208,贵州师范大学,普通,第108组(美术与设计类),295.8,4409,1.87,是,11,4,
垫底(过保),5208,贵州师范大学,普通,第107组(美术与设计类),295.6,4447,1.88,是,11,4,
垫底(过保),4237,湖北师范大学,普通,第105组(美术与设计类),295.5,4463,1.89,是,4,1,
垫底(过保),4254,武汉商学院,普通,第102组(美术与设计类),295.2,4522,1.91,是,4,1,
垫底(过保),5306,云南农业大学,普通,第101组(美术与设计类),294.9,4603,1.95,是,2,1,
垫底(过保),4512,南宁师范大学,普通,第105组(美术与设计类),294.9,4603,1.95,是,2,1,
垫底(过保),5118,四川轻化工大学,普通,第102组(美术与设计类),294.8,4623,1.96,是,8,1,
垫底(过保),4310,湖南工业大学,普通,第113组(美术与设计类),294.7,4644,1.96,是,340,3,
垫底(过保),2124,沈阳工业大学,普通,第101组(美术与设计类),294.5,4694,1.99,是,6,1,
垫底(过保),4109,河南理工大学,普通,第104组(美术与设计类),294.5,4694,1.99,是,6,1,
垫底(过保),4506,广西艺术学院,普通,第113组(美术与设计类),294.5,4694,1.99,是,52,1,
垫底(过保),1408,山西财经大学,普通,第101组(美术与设计类),294.4,4720,2.0,是,4,1,
垫底(过保),2131,大连工业大学,普通,第103组(美术与设计类),294.1,4772,2.02,是,3,1,
垫底(过保),4315,吉首大学,普通,第104组(美术与设计类),294.0,4790,2.03,是,130,1,
垫底(过保),6205,西北民族大学,普通,第105组(美术与设计类),294.0,4790,2.03,是,4,1,
垫底(过保),2309,哈尔滨师范大学,普通,第108组(美术与设计类),293.9,4815,2.04,是,10,1,
垫底(过保),4337,长沙学院,普通,第105组(美术与设计类),293.8,4829,2.04,是,327,1,
垫底(过保),5187,成都师范学院,普通,第102组(美术与设计类),293.7,4856,2.05,是,4,2,
垫底(过保),3602,南昌师范学院,普通,第104组(美术与设计类),293.7,4856,2.05,是,4,1,
垫底(过保),5020,长江师范学院,普通,第107组(美术与设计类),293.7,4856,2.05,是,6,1,
垫底(过保),3618,江西科技师范大学,普通,第104组(美术与设计类),293.5,4902,2.07,是,4,1,
垫底(过保),4508,广西民族大学,普通,第105组(美术与设计类),293.5,4902,2.07,是,8,2,
垫底(过保),4425,五邑大学,普通,第101组(美术与设计类),293.4,4922,2.08,是,2,1,
垫底(过保),5316,大理大学,普通,第102组(美术与设计类),293.4,4922,2.08,是,8,2,
垫底(过保),5203,贵州财经大学,普通,第103组(美术与设计类),293.4,4922,2.08,是,3,1,
垫底(过保),4218,武汉体育学院,普通,第106组(美术与设计类),293.4,4922,2.08,是,6,1,
垫底(过保),2125,沈阳理工大学,普通,第101组(美术与设计类),293.2,4959,2.1,是,6,1,
垫底(过保),1182,华北科技学院,普通,第101组(美术与设计类),293.0,5005,2.12,是,3,1,
垫底(过保),1312,河北工程大学,普通,第101组(美术与设计类),293.0,5005,2.12,是,6,1,
垫底(过保),1415,山西农业大学,普通,第101组(美术与设计类),293.0,5005,2.12,是,4,1,
垫底(过保),3408,淮北师范大学,普通,第105组(美术与设计类),292.9,5031,2.13,是,9,1,
垫底(过保),5309,西南林业大学,普通,第101组(美术与设计类),292.8,5055,2.14,是,6,1,
垫底(过保),3225,苏州工学院,普通,第103组(美术与设计类),292.8,5055,2.14,是,10,1,
垫底(过保),5207,贵州民族大学,普通,第111组(美术与设计类),292.8,5055,2.14,是,17,3,
垫底(过保),3611,赣南师范大学,普通,第107组(美术与设计类),292.7,5078,2.15,是,12,1,
垫底(过保),1310,河北地质大学,普通,第101组(美术与设计类),292.4,5158,2.18,是,14,2,
垫底(过保),3635,江西水利电力大学,普通,第103组(美术与设计类),292.4,5158,2.18,是,4,1,
垫底(过保),2208,吉林艺术学院,普通,第121组(美术与设计类),292.4,5158,2.18,是,31,1,
垫底(过保),3512,闽南师范大学,普通,第102组(美术与设计类),292.3,5181,2.19,是,8,2,
垫底(过保),3515,泉州师范学院,普通,第103组(美术与设计类),292.3,5181,2.19,是,6,1,
垫底(过保),3735,聊城大学,普通,第105组(美术与设计类),292.2,5198,2.2,是,7,2,
垫底(过保),5207,贵州民族大学,普通,第110组(美术与设计类),292.1,5225,2.21,是,17,3,
垫底(过保),3304,湖州师范学院,普通,第103组(美术与设计类),292.0,5256,2.22,是,12,1,外语成绩不低于50分
垫底(过保),4231,湖北民族大学,普通,第104组(美术与设计类),292.0,5256,2.22,是,12,2,
垫底(过保),2122,大连民族大学,普通,第101组(美术与设计类),291.6,5354,2.26,是,23,1,
垫底(过保),4317,湖南理工学院,普通,第106组(美术与设计类),291.5,5376,2.27,是,175,1,
垫底(过保),4430,惠州学院,普通,第102组(美术与设计类),291.4,5392,2.28,否,,,
垫底(过保),3615,井冈山大学,普通,第104组(美术与设计类),291.3,5418,2.29,是,3,1,
垫底(过保),4316,衡阳师范学院,普通,第116组(美术与设计类),291.1,5470,2.31,是,182,1,
垫底(过保),6304,青海师范大学,普通,第107组(美术与设计类),291.0,5493,2.32,是,6,1,
垫底(过保),5207,贵州民族大学,普通,第112组(美术与设计类),290.8,5543,2.34,是,17,3,
垫底(过保),2207,长春工业大学,普通,第101组(美术与设计类),290.6,5590,2.36,是,15,1,
垫底(过保),4229,湖北汽车工业学院,普通,第101组(美术与设计类),290.6,5590,2.36,是,2,1,
垫底(过保),2137,沈阳音乐学院,普通,第104组(美术与设计类),290.6,5590,2.36,是,5,1,
垫底(过保),4170,河南工程学院,普通,第102组(美术与设计类),290.5,5618,2.38,是,5,2,
垫底(过保),2217,北华大学,普通,第104组(美术与设计类),290.5,5618,2.38,否,,,
垫底(过保),6401,北方民族大学,普通,第104组(美术与设计类),290.5,5618,2.38,是,12,1,
垫底(过保),3517,闽江学院,普通,第102组(美术与设计类),290.4,5637,2.38,是,17,1,
垫底(过保),4110,信阳师范大学,普通,第103组(美术与设计类),290.3,5659,2.39,是,5,1,
垫底(过保),3735,聊城大学,普通,第104组(美术与设计类),290.3,5659,2.39,是,7,2,
垫底(过保),2221,吉林建筑大学,普通,第101组(美术与设计类),290.2,5684,2.4,是,6,1,
垫底(过保),2110,沈阳大学,普通,第104组(美术与设计类),290.2,5684,2.4,是,18,2,
垫底(过保),1507,内蒙古师范大学,普通,第101组(美术与设计类),290.1,5713,2.42,否,,,
垫底(过保),1422,山西传媒学院,普通,第106组(美术与设计类),290.0,5732,2.42,是,4,1,
垫底(过保),2210,吉林师范大学,普通,第102组(美术与设计类),289.5,5857,2.48,是,8,1,
垫底(过保),4318,湖南文理学院,普通,第104组(美术与设计类),289.5,5857,2.48,是,111,2,
垫底(过保),5213,贵州师范学院,普通,第102组(美术与设计类),289.3,5912,2.5,是,31,1,
垫底(过保),4540,北部湾大学,普通,第104组(美术与设计类),289.0,5983,2.53,是,30,1,
垫底(过保),5319,昆明学院,普通,第104组(美术与设计类),289.0,5983,2.53,是,2,1,
垫底(过保),2110,沈阳大学,普通,第105组(美术与设计类),288.9,6010,2.54,是,18,2,
垫底(过保),5316,大理大学,普通,第103组(美术与设计类),288.8,6034,2.55,是,8,2,
垫底(过保),4431,肇庆学院,普通,第101组(美术与设计类),288.5,6117,2.59,是,2,1,
垫底(过保),4420,岭南师范学院,普通,第104组(美术与设计类),288.5,6117,2.59,是,6,1,
垫底(过保),4345,长沙师范学院,普通,第111组(美术与设计类),288.5,6117,2.59,是,163,4,
垫底(过保),3321,台州学院,普通,第101组(美术与设计类),288.4,6144,2.6,是,25,1,
垫底(过保),4257,湖北理工学院,普通,第103组(美术与设计类),288.3,6169,2.61,是,18,2,
垫底(过保),2216,吉林农业大学,普通,第101组(美术与设计类),288.1,6215,2.63,是,5,1,
垫底(过保),5210,遵义师范学院,普通,第104组(美术与设计类),288.1,6215,2.63,是,2,1,
垫底(过保),4423,广东石油化工学院,普通,第103组(美术与设计类),288.0,6242,2.64,是,2,1,
垫底(过保),2317,齐齐哈尔大学,普通,第106组(美术与设计类),287.8,6283,2.66,是,8,1,
垫底(过保),4319,湖南工程学院,普通,第102组(美术与设计类),287.7,6313,2.67,是,305,1,
垫底(过保),4265,湖北文理学院,普通,第101组(美术与设计类),287.6,6338,2.68,是,2,1,
垫底(过保),3514,莆田学院,普通,第102组(美术与设计类),287.3,6413,2.71,是,12,1,
垫底(过保),4111,中原工学院,普通,第102组(美术与设计类),287.0,6496,2.75,是,7,1,
垫底(过保),3347,湖州学院,普通,第101组(美术与设计类),286.9,6518,2.76,是,30,1,
垫底(过保),4320,湖南城市学院,普通,第104组(美术与设计类),286.7,6565,2.78,是,216,2,
垫底(过保),3642,景德镇学院,普通,第101组(美术与设计类),286.6,6593,2.79,是,6,1,
垫底(过保),4530,桂林航天工业学院,普通,第102组(美术与设计类),286.5,6617,2.8,是,6,1,
垫底(过保),5152,四川文理学院,普通,第103组(美术与设计类),286.4,6642,2.81,是,3,1,
垫底(过保),6119,陕西理工大学,普通,第104组(美术与设计类),286.3,6668,2.82,是,36,1,
垫底(过保),6505,新疆师范大学,普通,第105组(美术与设计类),286.3,6668,2.82,是,6,1,
垫底(过保),4323,怀化学院,普通,第104组(美术与设计类),286.2,6702,2.84,是,56,1,
垫底(过保),4351,湖南工学院,普通,第101组(美术与设计类),286.1,6729,2.85,是,45,1,
垫底(过保),4264,湖北工程学院,普通,第105组(美术与设计类),286.1,6729,2.85,是,9,1,
垫底(过保),4236,湖北科技学院,普通,第104组(美术与设计类),286.0,6755,2.86,是,8,1,
垫底(过保),3329,丽水学院,普通,第103组(美术与设计类),285.9,6774,2.87,是,15,1,
垫底(过保),4120,洛阳师范学院,普通,第107组(美术与设计类),285.8,6802,2.88,是,10,1,
垫底(过保),4604,海南热带海洋学院,普通,第102组(美术与设计类),285.7,6831,2.89,是,8,1,
垫底(过保),4170,河南工程学院,普通,第103组(美术与设计类),285.7,6831,2.89,是,5,2,
垫底(过保),3619,九江学院,普通,第104组(美术与设计类),285.7,6831,2.89,是,9,2,
垫底(过保),4538,广西财经学院,普通,第101组(美术与设计类),285.6,6861,2.9,是,14,1,
垫底(过保),6153,西安文理学院,普通,第102组(美术与设计类),285.6,6861,2.9,否,,,
垫底(过保),4322,湖南科技学院,普通,第105组(美术与设计类),285.2,6978,2.95,是,70,1,
垫底(过保),5126,宜宾学院,普通,第101组(美术与设计类),285.1,7004,2.96,是,6,1,
垫底(过保),3246,南京传媒学院,普通,第108组(美术与设计类),285.1,7004,2.96,是,12,1,
垫底(过保),3609,宜春学院,普通,第108组(美术与设计类),285.1,7004,2.96,是,7,3,
垫底(过保),5215,贵阳学院,普通,第102组(美术与设计类),285.0,7030,2.97,是,2,1,
垫底(过保),1353,邯郸学院,普通,第103组(美术与设计类),284.9,7052,2.98,否,,,
垫底(过保),4241,黄冈师范学院,普通,第105组(美术与设计类),284.6,7105,3.01,是,20,1,
垫底(过保),3641,萍乡学院,普通,第103组(美术与设计类),284.3,7199,3.05,是,2,1,
垫底(过保),4342,湖南女子学院,普通,第108组(美术与设计类),284.3,7199,3.05,是,139,2,
垫底(过保),3520,三明学院,普通,第102组(美术与设计类),284.1,7257,3.07,是,12,1,
垫底(过保),5243,贵州商学院,普通,第101组(美术与设计类),284.0,7296,3.09,否,,,
垫底(过保),5315,玉溪师范学院,普通,第104组(美术与设计类),284.0,7296,3.09,是,2,1,
垫底(过保),4671,琼台师范学院,普通,第106组(美术与设计类),284.0,7296,3.09,是,12,1,
垫底(过保),1416,太原师范学院,普通,第104组(美术与设计类),283.9,7327,3.1,是,10,1,
垫底(过保),1373,河北环境工程学院,普通,第101组(美术与设计类),283.8,7354,3.11,否,,,
垫底(过保),5254,六盘水师范学院,普通,第103组(美术与设计类),283.8,7354,3.11,是,2,1,
垫底(过保),4720,长沙工业学院,普通,第101组(美术与设计类),283.7,7387,3.12,是,200,1,
垫底(过保),4118,商丘师范学院,普通,第105组(美术与设计类),283.7,7387,3.12,是,4,1,
垫底(过保),1413,太原工业学院,普通,第101组(美术与设计类),283.6,7407,3.13,是,12,1,
垫底(过保),4137,洛阳理工学院,普通,第103组(美术与设计类),283.5,7437,3.15,是,25,1,
垫底(过保),5129,绵阳师范学院,普通,第105组(美术与设计类),283.5,7437,3.15,是,11,1,
垫底(过保),4119,南阳师范学院,普通,第101组(美术与设计类),283.4,7468,3.16,是,8,1,
垫底(过保),3526,龙岩学院,普通,第102组(美术与设计类),283.4,7468,3.16,是,2,1,
垫底(过保),5240,铜仁学院,普通,第111组(美术与设计类),283.4,7468,3.16,是,2,1,
垫底(过保),4173,河南财政金融学院,普通,第101组(美术与设计类),283.3,7489,3.17,是,6,1,
垫底(过保),1316,河北科技师范学院,普通,第102组(美术与设计类),283.2,7518,3.18,是,6,1,
垫底(过保),4531,桂林旅游学院,普通,第104组(美术与设计类),283.2,7518,3.18,是,4,1,
垫底(过保),5109,乐山师范学院,普通,第101组(美术与设计类),283.0,7575,3.2,是,6,1,
垫底(过保),4259,荆楚理工学院,普通,第102组(美术与设计类),282.8,7645,3.23,是,11,1,
垫底(过保),5240,铜仁学院,普通,第103组(美术与设计类),282.8,7645,3.23,是,2,1,
垫底(过保),4321,邵阳学院,普通,第104组(美术与设计类),282.8,7645,3.23,是,141,1,
垫底(过保),4422,嘉应学院,普通,第104组(美术与设计类),282.8,7645,3.23,是,10,1,
垫底(过保),4836,武汉传媒学院,普通,第106组(美术与设计类),282.7,7681,3.25,是,5,1,
垫底(过保),4326,湘南学院,普通,第104组(美术与设计类),282.6,7715,3.26,是,124,1,
垫底(过保),1360,石家庄学院,普通,第102组(美术与设计类),282.5,7747,3.28,是,5,1,
垫底(过保),4537,桂林师范学院,普通,第102组(美术与设计类),282.5,7747,3.28,是,20,2,
垫底(过保),3443,宿州学院,普通,第103组(美术与设计类),282.5,7747,3.28,是,6,1,
垫底(过保),4112,南阳理工学院,普通,第104组(美术与设计类),282.5,7747,3.28,是,10,1,
垫底(过保),3138,上海视觉艺术学院,普通,第106组(美术与设计类),282.5,7747,3.28,是,30,1,
垫底(过保),4333,湖南人文科技学院,普通,第104组(美术与设计类),282.4,7774,3.29,是,110,1,
垫底(过保),1165,北京城市学院,普通,第106组(美术与设计类),282.3,7793,3.3,是,5,1,
垫底(过保),4542,广西科技师范学院,普通,第103组(美术与设计类),282.2,7824,3.31,是,6,1,
垫底(过保),5246,安顺学院,普通,第104组(美术与设计类),282.2,7824,3.31,是,2,2,
垫底(过保),5384,滇西科技师范学院,普通,第101组(美术与设计类),282.1,7859,3.32,是,2,1,
垫底(过保),4541,梧州学院,普通,第103组(美术与设计类),282.1,7859,3.32,是,5,1,
垫底(过保),6118,渭南师范学院,普通,第103组(美术与设计类),282.1,7859,3.32,是,11,2,
垫底(过保),5209,黔南民族师范学院,普通,第110组(美术与设计类),282.1,7859,3.32,是,10,2,
垫底(过保),4126,安阳师范学院,普通,第101组(美术与设计类),282.0,7888,3.34,是,5,1,
垫底(过保),4451,广州商学院,普通,第101组(美术与设计类),281.9,7914,3.35,是,5,1,
垫底(过保),4125,周口师范学院,普通,第104组(美术与设计类),281.9,7914,3.35,是,21,2,
垫底(过保),4138,安阳工学院,普通,第102组(美术与设计类),281.8,7939,3.36,是,4,1,
垫底(过保),4549,广西民族师范学院,普通,第103组(美术与设计类),281.8,7939,3.36,是,12,1,
垫底(过保),2112,鞍山师范学院,普通,第103组(美术与设计类),281.7,7963,3.37,是,10,1,
垫底(过保),4102,河南城建学院,普通,第101组(美术与设计类),281.6,7988,3.38,是,7,1,
垫底(过保),5246,安顺学院,普通,第105组(美术与设计类),281.6,7988,3.38,是,2,2,
垫底(过保),4513,玉林师范学院,普通,第104组(美术与设计类),281.5,8010,3.39,是,27,1,
垫底(过保),1420,忻州师范学院,普通,第106组(美术与设计类),281.5,8010,3.39,是,3,1,
垫底(过保),5177,四川文化艺术学院,普通,第106组(美术与设计类),281.5,8010,3.39,是,5,2,
垫底(过保),4539,贺州学院,普通,第103组(美术与设计类),281.4,8028,3.4,是,28,1,
垫底(过保),3724,德州学院,普通,第106组(美术与设计类),281.3,8053,3.41,是,10,1,
垫底(过保),6509,伊犁师范大学,普通,第106组(美术与设计类),281.3,8053,3.41,是,10,1,
垫底(过保),4543,百色学院,普通,第104组(美术与设计类),281.2,8075,3.42,是,11,1,
垫底(过保),2354,绥化学院,普通,第105组(美术与设计类),281.2,8075,3.42,是,4,1,
垫底(过保),5317,楚雄师范学院,普通,第102组(美术与设计类),281.0,8123,3.44,是,5,1,
垫底(过保),6115,陕西学前师范学院,普通,第102组(美术与设计类),281.0,8123,3.44,是,2,1,
垫底(过保),6156,商洛学院,普通,第102组(美术与设计类),281.0,8123,3.44,是,8,1,
垫底(过保),4544,河池学院,普通,第104组(美术与设计类),281.0,8123,3.44,是,20,1,
垫底(过保),5137,四川工商学院,普通,第102组(美术与设计类),280.9,8151,3.45,是,7,1,
垫底(过保),6510,新疆艺术学院,普通,第104组(美术与设计类),280.6,8216,3.48,是,31,1,
垫底(过保),5135,电子科技大学成都学院,普通,第101组(美术与设计类),280.4,8264,3.5,是,8,1,
垫底(过保),3587,厦门华厦学院,普通,第103组(美术与设计类),280.4,8264,3.5,是,3,1,
垫底(过保),3519,厦门大学嘉庚学院,普通,第104组(美术与设计类),280.4,8264,3.5,是,6,1,
垫底(过保),5153,四川大学锦江学院,普通,第103组(美术与设计类),280.2,8319,3.52,是,4,1,
垫底(过保),6511,喀什大学,普通,第104组(美术与设计类),280.2,8319,3.52,是,28,1,
垫底(过保),4130,郑州经贸学院,普通,第101组(美术与设计类),280.1,8340,3.53,是,5,1,
垫底(过保),6537,新疆政法学院,普通,第102组(美术与设计类),280.1,8340,3.53,是,8,2,
垫底(过保),5030,重庆移通学院,普通,第101组(美术与设计类),280.0,8366,3.54,是,20,1,
垫底(过保),4552,桂林学院,普通,第101组(美术与设计类),279.8,8420,3.56,是,3,1,
垫底(过保),4830,武汉工商学院,普通,第103组(美术与设计类),279.8,8420,3.56,是,9,2,
垫底(过保),5056,重庆人文科技学院,普通,第105组(美术与设计类),279.6,8491,3.59,是,2,1,
垫底(过保),4242,湖北师范大学文理学院,普通,第103组(美术与设计类),279.4,8539,3.61,是,4,1,
垫底(过保),6528,昌吉学院,普通,第105组(美术与设计类),279.3,8573,3.63,是,40,1,
垫底(过保),4723,湖南科技大学潇湘学院,普通,第101组(美术与设计类),279.2,8592,3.63,否,,,
垫底(过保),3645,南昌理工学院,普通,第103组(美术与设计类),279.2,8592,3.63,是,7,2,
垫底(过保),5239,贵阳人文科技学院,普通,第101组(美术与设计类),279.1,8616,3.64,否,,,
垫底(过保),4454,广州理工学院,普通,第104组(美术与设计类),279.0,8647,3.66,是,4,1,
垫底(过保),4436,珠海科技学院,普通,第101组(美术与设计类),278.8,8689,3.68,是,6,1,
垫底(过保),5056,重庆人文科技学院,普通,第104组(美术与设计类),278.8,8689,3.68,是,2,1,
垫底(过保),1359,河北传媒学院,普通,第104组(美术与设计类),278.7,8713,3.69,是,5,1,
垫底(过保),3665,南昌工学院,普通,第101组(美术与设计类),278.6,8739,3.7,是,8,2,
垫底(过保),4204,武汉城市学院（原武汉科技大学城市学院）,普通,第101组(美术与设计类),278.6,8739,3.7,是,7,1,
垫底(过保),4205,武汉华夏理工学院,普通,第101组(美术与设计类),278.5,8767,3.71,是,6,1,
垫底(过保),5235,贵州黔南科技学院,普通,第101组(美术与设计类),278.4,8799,3.72,是,12,1,
垫底(过保),4733,衡阳师范学院南岳学院,普通,第103组(美术与设计类),278.4,8799,3.72,是,43,1,
垫底(过保),3540,福州大学至诚学院,普通,第102组(美术与设计类),278.3,8824,3.73,是,6,1,
垫底(过保),2176,沈阳工学院,普通,第102组(美术与设计类),278.2,8849,3.74,是,6,1,
垫底(过保),1228,天津商业大学宝德学院,普通,第103组(美术与设计类),278.0,8892,3.76,是,5,1,
垫底(过保),4839,湖北工程学院新技术学院,普通,第101组(美术与设计类),277.9,8916,3.77,是,10,1,
垫底(过保),5234,贵阳信息科技学院,普通,第101组(美术与设计类),277.9,8916,3.77,是,4,1,
垫底(过保),5028,重庆城市科技学院,普通,第102组(美术与设计类),277.8,8939,3.78,是,89,1,
垫底(过保),5045,重庆外语外事学院,普通,第105组(美术与设计类),277.7,8966,3.79,是,6,1,
垫底(过保),4214,武昌首义学院,普通,第101组(美术与设计类),277.6,8993,3.8,是,16,1,
垫底(过保),3628,景德镇艺术职业大学,普通,第102组(美术与设计类),277.6,8993,3.8,是,4,1,
垫底(过保),4822,三峡大学科技学院,普通,第103组(美术与设计类),277.5,9013,3.81,是,4,1,
垫底(过保),6177,西安科技大学高新学院,普通,第101组(美术与设计类),277.3,9056,3.83,是,2,1,
垫底(过保),4243,湖北工业大学工程技术学院,普通,第101组(美术与设计类),277.2,9082,3.84,是,2,1,
垫底(过保),4837,汉口学院,普通,第101组(美术与设计类),277.1,9097,3.85,是,7,1,
垫底(过保),4556,广西民族大学相思湖学院,普通,第102组(美术与设计类),277.0,9125,3.86,是,4,1,
垫底(过保),5235,贵州黔南科技学院,普通,第102组(美术与设计类),276.7,9192,3.89,是,12,1,
垫底(过保),1145,北京邮电大学世纪学院,普通,第101组(美术与设计类),276.5,9242,3.91,是,6,1,
垫底(过保),4240,文华学院,普通,第102组(美术与设计类),276.5,9242,3.91,是,6,1,
垫底(过保),3380,浙江越秀外国语学院,普通,第103组(美术与设计类),276.4,9274,3.92,是,5,1,
垫底(过保),2152,大连艺术学院,普通,第104组(美术与设计类),276.4,9274,3.92,是,19,2,
垫底(过保),3529,福建师范大学协和学院,普通,第102组(美术与设计类),276.2,9321,3.94,是,2,1,
垫底(过保),3290,常州大学怀德学院,普通,第101组(美术与设计类),276.1,9340,3.95,是,21,1,
垫底(过保),4824,湖北大学知行学院,普通,第101组(美术与设计类),276.1,9340,3.95,是,2,1,
垫底(过保),3795,青岛电影学院,普通,第102组(美术与设计类),276.1,9340,3.95,是,2,1,
垫底(过保),4736,湖南工程学院应用技术学院,普通,第101组(美术与设计类),276.0,9365,3.96,否,,,
垫底(过保),4824,湖北大学知行学院,普通,第102组(美术与设计类),275.9,9386,3.97,是,2,1,
垫底(过保),1394,燕京理工学院,普通,第101组(美术与设计类),275.7,9441,3.99,是,9,1,
垫底(过保),2249,吉林动画学院,普通,第101组(美术与设计类),275.7,9441,3.99,是,59,1,
垫底(过保),4831,湖北商贸学院,普通,第101组(美术与设计类),275.7,9441,3.99,是,17,2,
垫底(过保),4223,武汉纺织大学外经贸学院,普通,第101组(美术与设计类),275.6,9467,4.0,是,8,1,
垫底(过保),4897,广东理工学院,普通,第101组(美术与设计类),275.5,9492,4.02,是,6,1,
垫底(过保),4533,南宁学院,普通,第101组(美术与设计类),275.4,9519,4.03,是,8,1,
垫底(过保),1364,河北美术学院,普通,第102组(美术与设计类),275.4,9519,4.03,是,10,2,
垫底(过保),4829,武汉工程大学邮电与信息工程学院,普通,第101组(美术与设计类),275.1,9591,4.06,是,17,1,
垫底(过保),4838,武汉晴川学院,普通,第101组(美术与设计类),275.1,9591,4.06,是,6,1,
垫底(过保),4731,湘潭理工学院,普通,第101组(美术与设计类),274.9,9633,4.07,是,90,1,
垫底(过保),3656,江西应用科技学院,普通,第102组(美术与设计类),274.8,9666,4.09,是,9,1,
垫底(过保),1252,天津仁爱学院,普通,第101组(美术与设计类),274.5,9739,4.12,是,3,1,
垫底(过保),4840,武汉设计工程学院,普通,第106组(美术与设计类),274.5,9739,4.12,是,36,1,
垫底(过保),5345,昆明传媒学院,普通,第105组(美术与设计类),274.3,9776,4.14,是,5,1,
垫底(过保),4450,广州应用科技学院,普通,第101组(美术与设计类),274.0,9858,4.17,是,4,2,
垫底(过保),4820,湖北恩施学院,普通,第102组(美术与设计类),274.0,9858,4.17,是,15,1,
垫底(过保),6148,西安培华学院,普通,第102组(美术与设计类),273.8,9909,4.19,是,10,1,
垫底(过保),6160,西安思源学院,普通,第102组(美术与设计类),273.8,9909,4.19,是,6,2,
垫底(过保),2178,辽宁传媒学院,普通,第101组(美术与设计类),273.6,9951,4.21,是,3,1,
垫底(过保),4456,广州华立学院,普通,第103组(美术与设计类),273.5,9967,4.22,是,8,1,
垫底(过保),3670,江西服装学院,普通,第102组(美术与设计类),273.4,9990,4.23,是,7,1,
垫底(过保),4554,南宁理工学院,普通,第102组(美术与设计类),273.4,9990,4.23,是,13,1,
垫底(过保),4729,中南林业科技大学涉外学院,普通,第102组(美术与设计类),273.3,10013,4.24,是,170,1,
垫底(过保),6159,陕西服装工程学院,普通,第103组(美术与设计类),273.1,10058,4.25,是,7,2,
垫底(过保),4580,广西外国语学院,普通,第104组(美术与设计类),272.8,10137,4.29,是,8,1,
垫底(过保),3521,厦门工学院,普通,第101组(美术与设计类),272.6,10179,4.31,是,5,1,
垫底(过保),4553,桂林信息科技学院,普通,第101组(美术与设计类),272.4,10237,4.33,是,12,1,
垫底(过保),2252,吉林师范大学博达学院,普通,第101组(美术与设计类),272.1,10312,4.36,是,10,1,
垫底(过保),3599,福州外语外贸学院,普通,第101组(美术与设计类),271.7,10410,4.4,是,18,1,
垫底(过保),4489,华南农业大学珠江学院,普通,第101组(美术与设计类),271.7,10410,4.4,是,5,1,
垫底(过保),1352,保定理工学院,普通,第101组(美术与设计类),271.4,10489,4.44,是,5,1,
垫底(过保),2148,大连科技学院,普通,第101组(美术与设计类),271.4,10489,4.44,是,21,1,
垫底(过保),4495,广东工商职业技术大学,普通,第102组(美术与设计类),271.2,10534,4.46,是,3,1,
垫底(过保),5371,云南经济管理学院,普通,第102组(美术与设计类),271.2,10534,4.46,是,4,1,
垫底(过保),5344,滇池学院,普通,第103组(美术与设计类),270.8,10618,4.49,是,20,1,
垫底(过保),4564,北海艺术设计学院,普通,第103组(美术与设计类),269.7,10868,4.6,是,35,1,
垫底(过保),6427,银川科技学院,普通,第101组(美术与设计类),269.5,10911,4.62,是,4,1,
垫底(过保),5347,昆明城市学院,普通,第104组(美术与设计类),269.0,11015,4.66,是,21,1,
垫底(过保),1143,北京金融科技学院,普通,第103组(美术与设计类),268.6,11079,4.69,是,3,1,
垫底(过保),4732,张家界学院,普通,第107组(美术与设计类),268.5,11098,4.69,是,162,1,
垫底(过保),3348,温州商学院,普通,第101组(美术与设计类),268.3,11129,4.71,是,11,1,
垫底(过保),3162,上海中侨职业技术大学,普通,第101组(美术与设计类),268.2,11147,4.72,是,1,1,
垫底(过保),1158,首都师范大学科德学院,普通,第103组(美术与设计类),268.2,11147,4.72,否,,,
垫底(过保),5348,丽江文化旅游学院,普通,第101组(美术与设计类),267.8,11222,4.75,是,16,1,
垫底(过保),2380,黑龙江工程学院昆仑旅游学院,普通,第101组(美术与设计类),267.0,11376,4.81,是,20,1,
垫底(过保),4630,三亚学院,普通,第101组(美术与设计类),266.9,11392,4.82,是,16,1,
垫底(过保),4899,湛江科技学院,普通,第103组(美术与设计类),266.8,11418,4.83,是,22,1,
垫底(过保),4734,岳阳学院,普通,第101组(美术与设计类),266.6,11446,4.84,是,82,1,
垫底(过保),4745,湖南应用技术学院,普通,第101组(美术与设计类),266.3,11505,4.87,是,398,2,
垫底(过保),6157,陕西国际商贸学院,普通,第101组(美术与设计类),266.3,11505,4.87,是,20,1,
垫底(过保),4650,海南科技职业大学,普通,第102组(美术与设计类),264.4,11806,4.99,是,10,1,
垫底(过保),4711,湖南软件职业技术大学,普通,第101组(美术与设计类),263.7,11904,5.04,是,210,1,
垫底(过保),1161,北京工业大学耿丹学院,普通,第101组(美术与设计类),263.5,11937,5.05,是,12,1,
垫底(过保),3169,上海外国语大学贤达经济人文学院,普通,第101组(美术与设计类),261.5,12164,5.15,是,8,1,
垫底(过保),4757,湖南信息学院,普通,第105组(美术与设计类),260.8,12241,5.18,是,446,1,
垫底(过保),3343,浙江广厦建设职业技术大学,普通,第101组(美术与设计类),257.3,12516,5.29,是,62,1,
